TEAM_ID,TEAM_NAME,W_PCT,SEASON,FG3M_RANK,FG3A_RANK,FG3_PCT,PLUS_MINUS,NET_RATING,PACE,TS_PCT,EFG_PCT_x,AST_RATIO,OREB_PCT_x,DREB_PCT,REB_PCT,TM_TOV_PCT_x,PTS_OFF_TOV,PTS_2ND_CHANCE,PTS_FB,PTS_PAINT,OPP_PTS_OFF_TOV,OPP_PTS_2ND_CHANCE,OPP_PTS_FB,OPP_PTS_PAINT,FTA_RATE,EFG_PCT_y,OREB_PCT_y,TM_TOV_PCT_y,WON_FINALS
1610612755,Philadelphia 76ers,0.522,2000-01,14,14,0.336,-0.1,-0.1,88.1,0.498,0.445,15.9,0.352,0.693,0.516,0.14,15.0,17.2,15.1,35.6,12.5,12.9,12.7,31.0,0.332,0.445,0.352,0.14,0
1610612747,Los Angeles Lakers,0.938,2000-01,4,8,0.386,12.8,13.4,93.45,0.542,0.505,17.1,0.356,0.718,0.541,0.149,14.9,16.9,13.4,48.1,14.4,13.4,10.4,35.5,0.375,0.505,0.356,0.149,1
1610612751,New Jersey Nets,0.55,2001-02,13,9,0.285,-0.1,-0.2,93.77,0.503,0.457,16.2,0.314,0.698,0.5,0.15,15.7,14.5,14.2,39.8,15.9,12.2,10.9,36.1,0.324,0.457,0.314,0.15,0
1610612747,Los Angeles Lakers,0.789,2001-02,5,4,0.339,3.8,3.9,92.41,0.527,0.482,15.4,0.319,0.683,0.506,0.148,15.3,16.1,8.5,43.4,15.2,13.3,8.5,37.2,0.349,0.482,0.319,0.148,1
1610612759,San Antonio Spurs,0.667,2002-03,9,12,0.351,5.5,5.8,92.25,0.525,0.476,16.2,0.314,0.704,0.517,0.164,17.3,14.0,10.1,40.7,15.2,12.7,12.1,36.0,0.399,0.476,0.314,0.164,1
1610612751,New Jersey Nets,0.7,2002-03,14,14,0.35,3.4,3.5,91.37,0.506,0.453,16.4,0.339,0.732,0.531,0.164,16.4,14.6,17.0,39.5,16.3,11.1,7.8,35.2,0.336,0.453,0.339,0.164,0
1610612765,Detroit Pistons,0.696,2003-04,14,13,0.304,6.4,7.4,87.67,0.493,0.439,15.6,0.335,0.706,0.522,0.167,16.0,13.0,11.8,34.8,14.7,10.7,11.7,33.2,0.359,0.439,0.335,0.167,1
1610612747,Los Angeles Lakers,0.591,2003-04,8,8,0.321,0.9,0.4,87.78,0.508,0.477,18.3,0.277,0.694,0.486,0.142,15.3,10.6,9.0,38.0,13.0,12.7,10.1,32.4,0.375,0.477,0.277,0.142,0
1610612765,Detroit Pistons,0.6,2004-05,15,15,0.326,4.7,5.2,86.2,0.508,0.466,16.7,0.335,0.711,0.518,0.14,16.2,14.8,11.7,34.8,12.8,11.0,9.5,35.5,0.286,0.466,0.335,0.14,0
1610612759,San Antonio Spurs,0.696,2004-05,5,8,0.389,4.3,4.9,88.03,0.546,0.5,15.0,0.352,0.674,0.516,0.163,14.1,14.2,9.3,42.4,16.2,13.5,11.3,42.1,0.367,0.5,0.352,0.163,1
1610612748,Miami Heat,0.696,2005-06,6,6,0.333,3.8,3.5,91.35,0.559,0.525,14.5,0.284,0.735,0.52,0.169,15.3,11.4,11.3,42.5,17.7,11.4,13.4,32.1,0.427,0.525,0.284,0.169,1
1610612742,Dallas Mavericks,0.609,2005-06,12,11,0.317,4.1,4.4,90.06,0.54,0.481,12.6,0.322,0.742,0.525,0.14,16.5,14.3,11.7,38.1,13.5,9.7,12.3,43.6,0.35,0.481,0.322,0.14,0
1610612759,San Antonio Spurs,0.8,2006-07,3,7,0.384,4.0,4.3,89.75,0.547,0.508,16.3,0.29,0.684,0.492,0.155,15.0,11.1,8.3,38.8,15.7,13.7,10.6,39.2,0.317,0.508,0.29,0.155,1
1610612739,Cleveland Cavaliers,0.6,2006-07,12,12,0.326,2.2,1.8,86.62,0.506,0.456,14.7,0.317,0.73,0.522,0.148,15.0,13.5,9.6,32.7,12.9,11.0,8.6,33.2,0.341,0.456,0.317,0.148,0
1610612747,Los Angeles Lakers,0.667,2007-08,5,8,0.367,2.2,2.6,93.82,0.56,0.512,16.4,0.267,0.681,0.482,0.141,14.3,11.6,9.4,43.0,15.3,13.2,10.9,42.5,0.371,0.512,0.267,0.141,0
1610612738,Boston Celtics,0.615,2007-08,7,10,0.359,5.2,5.9,87.29,0.541,0.487,17.6,0.335,0.699,0.519,0.147,17.7,12.9,8.9,34.9,14.1,12.1,8.5,29.2,0.354,0.487,0.335,0.147,1
1610612747,Los Angeles Lakers,0.696,2008-09,6,9,0.377,7.2,8.2,92.12,0.553,0.508,15.4,0.303,0.692,0.501,0.141,17.1,14.1,10.6,42.5,13.8,13.8,8.7,38.4,0.342,0.508,0.303,0.141,1
1610612753,Orlando Magic,0.542,2008-09,1,1,0.36,1.8,2.0,89.56,0.555,0.513,15.7,0.264,0.718,0.494,0.145,15.2,11.7,10.0,37.8,13.9,9.9,11.6,36.6,0.36,0.513,0.264,0.145,0
1610612738,Boston Celtics,0.625,2009-10,11,13,0.363,2.8,2.7,89.78,0.539,0.491,17.2,0.282,0.706,0.497,0.154,17.1,10.3,13.1,37.8,16.0,12.3,8.3,37.3,0.341,0.491,0.282,0.154,0
1610612747,Los Angeles Lakers,0.696,2009-10,4,4,0.33,3.8,4.3,90.85,0.546,0.502,15.6,0.347,0.684,0.516,0.137,14.4,15.3,7.0,41.5,13.3,12.0,11.9,38.4,0.32,0.502,0.347,0.137,1
1610612742,Dallas Mavericks,0.762,2010-11,1,3,0.394,5.8,6.0,88.06,0.571,0.519,16.7,0.296,0.683,0.494,0.145,15.0,11.8,10.8,34.0,14.2,11.8,12.8,41.8,0.339,0.519,0.296,0.145,1
1610612748,Miami Heat,0.667,2010-11,9,8,0.331,2.7,3.0,87.02,0.542,0.485,14.1,0.304,0.7,0.508,0.158,16.5,11.3,10.8,35.6,15.9,12.6,13.6,34.2,0.379,0.485,0.304,0.158,0
1610612760,Oklahoma City Thunder,0.65,2011-12,5,5,0.355,4.0,4.5,91.98,0.558,0.508,14.8,0.264,0.719,0.494,0.126,16.6,10.8,16.4,39.2,13.9,12.6,8.8,40.5,0.306,0.508,0.264,0.126,0
1610612748,Miami Heat,0.696,2011-12,4,4,0.347,7.1,7.4,88.59,0.552,0.505,14.6,0.3,0.689,0.5,0.145,16.8,12.3,12.6,41.7,13.3,12.8,10.3,38.3,0.364,0.505,0.3,0.145,1
1610612759,San Antonio Spurs,0.714,2012-13,5,7,0.378,7.0,7.9,90.73,0.547,0.511,17.2,0.277,0.708,0.502,0.138,15.2,12.6,12.3,42.7,14.4,13.7,8.7,38.7,0.261,0.511,0.277,0.138,0
1610612748,Miami Heat,0.696,2012-13,6,9,0.381,6.4,6.8,88.16,0.559,0.518,16.9,0.289,0.672,0.487,0.147,18.4,13.7,11.1,39.0,13.9,13.9,8.8,39.3,0.303,0.518,0.289,0.147,1
1610612759,San Antonio Spurs,0.696,2013-14,5,10,0.409,9.3,10.2,93.55,0.583,0.546,17.5,0.263,0.723,0.505,0.134,17.1,12.4,12.9,43.8,13.2,11.5,11.0,38.3,0.291,0.546,0.263,0.134,1
1610612748,Miami Heat,0.65,2013-14,3,5,0.396,1.8,2.3,86.98,0.594,0.555,16.1,0.223,0.718,0.476,0.14,16.3,9.5,9.7,37.9,13.1,11.9,8.8,37.6,0.305,0.555,0.223,0.14,0
1610612744,Golden State Warriors,0.762,2014-15,1,1,0.374,7.8,8.2,95.13,0.55,0.521,18.3,0.285,0.707,0.501,0.152,15.7,13.3,19.0,41.0,15.9,11.8,11.9,41.9,0.263,0.521,0.285,0.152,1
1610612739,Cleveland Cavaliers,0.7,2014-15,2,2,0.34,4.0,4.4,91.47,0.524,0.479,14.2,0.327,0.728,0.527,0.139,13.8,15.2,6.6,38.2,14.1,13.8,10.7,39.7,0.325,0.479,0.327,0.139,0
1610612739,Cleveland Cavaliers,0.762,2015-16,2,5,0.406,8.6,9.5,91.4,0.573,0.544,16.8,0.307,0.745,0.528,0.137,17.5,14.3,13.6,38.7,13.5,10.6,8.4,36.9,0.267,0.544,0.307,0.137,1
1610612744,Golden State Warriors,0.625,2015-16,1,1,0.393,4.4,4.5,97.83,0.562,0.529,17.9,0.275,0.676,0.482,0.143,17.9,12.0,14.7,40.2,16.0,15.5,15.2,42.3,0.272,0.529,0.275,0.143,0
1610612744,Golden State Warriors,0.941,2016-17,4,5,0.386,13.5,12.9,100.68,0.608,0.567,20.0,0.278,0.732,0.522,0.135,18.0,12.2,21.0,44.4,17.4,12.5,13.5,45.1,0.292,0.567,0.278,0.135,1
1610612739,Cleveland Cavaliers,0.722,2016-17,1,4,0.42,7.9,8.1,96.89,0.614,0.579,16.9,0.269,0.704,0.497,0.135,14.9,11.6,12.8,41.8,14.5,12.4,13.4,43.0,0.316,0.579,0.269,0.135,0
1610612744,Golden State Warriors,0.762,2017-18,2,3,0.357,10.0,10.7,97.73,0.581,0.545,19.2,0.255,0.732,0.508,0.131,16.9,11.0,16.8,41.0,14.5,12.9,12.2,46.0,0.237,0.545,0.255,0.131,1
1610612739,Cleveland Cavaliers,0.545,2017-18,9,5,0.331,-1.7,-2.8,92.13,0.55,0.512,15.3,0.289,0.744,0.513,0.136,13.0,11.9,9.5,42.3,14.4,12.4,13.0,46.4,0.282,0.512,0.289,0.136,0
1610612744,Golden State Warriors,0.636,2018-19,3,10,0.372,3.4,3.1,98.57,0.589,0.548,20.0,0.301,0.714,0.513,0.15,18.4,14.4,16.3,42.4,16.1,13.7,14.5,41.5,0.282,0.548,0.301,0.15,0
1610612761,Toronto Raptors,0.667,2018-19,4,5,0.346,5.5,5.6,96.25,0.561,0.515,17.2,0.239,0.719,0.483,0.124,17.0,11.5,16.5,40.5,14.0,12.8,15.1,38.1,0.275,0.515,0.239,0.124,1
1610612747,Los Angeles Lakers,0.762,2019-20,11,11,0.354,6.9,6.9,97.52,0.595,0.561,18.7,0.304,0.76,0.534,0.158,17.6,13.6,15.1,47.6,17.1,10.8,8.4,40.6,0.293,0.561,0.304,0.158,1
1610612748,Miami Heat,0.667,2019-20,8,10,0.359,2.0,1.9,96.57,0.587,0.537,18.7,0.243,0.731,0.493,0.135,16.1,12.0,9.0,40.5,15.4,12.7,12.6,42.2,0.322,0.537,0.243,0.135,0
1610612756,Phoenix Suns,0.636,2020-21,11,14,0.376,4.5,4.2,96.09,0.585,0.547,17.9,0.234,0.725,0.494,0.124,15.3,10.2,10.5,43.5,13.3,12.8,11.9,44.5,0.219,0.547,0.234,0.124,0
1610612749,Milwaukee Bucks,0.696,2020-21,10,9,0.321,5.1,5.3,97.51,0.55,0.524,16.7,0.31,0.765,0.531,0.13,14.2,16.3,14.2,50.4,14.7,11.0,8.6,39.5,0.228,0.524,0.31,0.13,1
1610612738,Boston Celtics,0.583,2021-22,4,4,0.373,3.6,3.9,95.79,0.574,0.533,18.5,0.271,0.713,0.5,0.154,16.1,12.4,12.5,38.1,17.7,13.7,13.2,40.5,0.283,0.533,0.271,0.154,0
1610612744,Golden State Warriors,0.727,2021-22,2,2,0.375,5.0,4.9,97.61,0.59,0.561,19.6,0.283,0.731,0.515,0.149,16.5,14.6,12.0,44.3,16.4,13.0,11.6,40.5,0.23,0.561,0.283,0.149,1
1610612748,Miami Heat,0.565,2022-23,5,10,0.38,1.5,1.9,94.87,0.567,0.531,17.9,0.272,0.708,0.487,0.123,17.8,11.6,10.7,43.0,15.7,12.9,12.1,46.5,0.228,0.531,0.272,0.123,0
1610612743,Denver Nuggets,0.8,2022-23,10,15,0.375,8.3,8.0,95.18,0.593,0.557,19.1,0.3,0.762,0.538,0.121,14.0,12.3,15.9,51.8,13.3,10.4,13.8,46.3,0.257,0.557,0.3,0.121,1
1610612738,Boston Celtics,0.842,2023-24,1,1,0.36,8.1,8.6,92.6,0.589,0.555,18.4,0.276,0.762,0.521,0.123,14.7,11.0,11.6,42.4,13.4,9.5,9.8,47.6,0.23,0.555,0.276,0.123,1
1610612742,Dallas Mavericks,0.591,2023-24,6,6,0.36,2.6,2.6,93.48,0.569,0.54,16.4,0.298,0.722,0.514,0.134,15.1,13.3,11.7,45.9,14.8,10.9,11.7,41.5,0.273,0.54,0.298,0.134,0
